aburrido,aburrido.png,True
agua,agua.png,True
alto,alto.png,True
amarillo,amarillo.png,True
amigo,amigo.png,True
animal,animal.png,True
araña,arana.png,True
árbol,arbol.png,True
Asia,Asia.png,True
auto,auto.png,True
ave,ave.png,True
avión,avion.png,True
ayuda,ayuda.png,True
bajo,bajo.png,True
basura,basura.png,True
baño,bano.png,True
bebé,bebe.png,True
bebida,bebida.png,True
boca,boca.png,True
botella,botella.png,True
bueno,bueno.png,True
caja,caja.png,True
calendario,calendario.png,True
cama,cama.png,True
cámara de fotos,camara_de_fotos.png,True
caminar,caminar.png,True
cansado,cansado.png,True
capitán,capitan.png,True
casa,casa.png,True
ciudad,ciudad.png,True
clima,clima.png,True
cocina,cocina.png,True
cola,cola.png,True
color,color.png,True
comida,comida.png,True
comprar,comprar.png,True
conocer,conocer.png,True
contar,contar.png,True
corazón,corazon.png,True
cuerpo,cuerpo.png,True
cumpleaños,cumpleanos.png,True
de acuerdo,de_acuerdo.png,True
decidir,decidir.png,True
desaparecer,desaparecer.png,True
desfile,desfile.png,True
día,dia.png,True
difícil,dificil.png,True
dinero,dinero.png,True
dirección,direccion.png,True
discutir,discutir.png,True
dolor,dolor.png,True
correr,correr.png,True
dormir,dormir.png,True
dos,dos.png,True
duda,duda.png,True
email,email.png,True
empezar,empezar.png,True
empujar,empujar.png,True
enfermo,enfermo.png,True
enseñar,ensenar.png,True
entender,entender.png,True
escribir,escribir.png,True
escuela,escuela.png,True
esperanza,esperanza.png,True
esperar,esperar.png,True
está bien,esta_bien.png,True
fácil,facil.png,True
familia,familia.png,True
fatal,fatal.png,True
feliz,feliz.png,True
feo,feo.png,True
flor,flor.png,True
frío,frio.png,True
fruta,fruta.png,True
fuego,fuego.png,True
fútbol,futbol.png,True
ganar,ganar.png,True
Grecia,Grecia.png,True
hablar,hablar.png,True
hacer,hacer.png,True
hermana,hermana.png,True
hijo,hijo.png,True
historia,historia.png,True
hombre,hombre.png,True
horno,horno.png,True
ignorar,ignorar.png,True
igual,igual.png,True
importante,importante.png,True
inglés,ingles.png,True
internet,internet.png,True
intérprete,interprete.png,True
jefe,jefe.png,True
joven,joven.png,True
jueves,jueves.png,True
ladrón,ladron.png,True
leche,leche.png,True
lengua de señas,lengua_de_senas.png,True
letra,letra.png,True
libro,libro.png,True
lindo,lindo.png,True
suave,suave.png,True
llave,llave.png,True
llegar,llegar.png,True
llorar,llorar.png,True
lluvia,lluvia.png,True
madre,madre.png,True
malo,malo.png,True
marruecos,marruecos.png,True
martillo,martillo.png,True
matemáticas,matematicas.png,True
meningitis,meningitis.png,True
mente,mente.png,True
mentira,mentira.png,True
mirar,mirar.png,True
morir,morir.png,True
mucho,mucho.png,True
lleno,lleno.png,True
música,musica.png,True
muy mal,muy_mal.png,True
nada,nada.png,True
negro,negro.png,True
niños,ninos.png,True
no,no.png,True
noche,noche.png,True
nombre,nombre.png,True
nuevo,nuevo.png,True
números,numeros.png,True
nunca,nunca.png,True
ojo,ojo.png,True
padre,padre.png,True
padres,padres.png,True
país,pais.png,True
pan,pan.png,True
papel,papel.png,True
pasado,pasado.png,True
payaso,payaso.png,True
paz,paz.png,True
pelea,pelea.png,True
pelo,pelo.png,True
pelota,pelota.png,True
pensar,pensar.png,True
perdón,perdon.png,True
perro,perro.png,True
persona,persona.png,True
personas,personas.png,True
pez,pez.png,True
pobre,pobre.png,True
poco,poco.png,True
poder,poder.png,True
policía,policia.png,True
política,politica.png,True
por favor,por_favor.png,True
por supuesto,por_supuesto.png,True
pregunta,pregunta.png,True
preocupado,preocupado.png,True
punto,punto.png,True
radio,radio.png,True
rápido,rapido.png,True
red de pesca,red_de_pesca.png,True
relajarse,relajarse.png,True
remera,remera.png,True
responsabilidad,responsabilidad.png,True
rey,rey.png,True
risa,risa.png,True
rojo,rojo.png,True
romper,romper.png,True
sábado,sabado.png,True
saber,saber.png,True
salud,salud.png,True
sangre,sangre.png,True
secador de pelo,secador_de_pelo.png,True
seguro,seguro.png,True
semana,semana.png,True
soledad,soledad.png,True
sonreír,sonreir.png,True
sordo,sordo.png,True
subtitulos,subtitulos.png,True
suertudo,suertudo.png,True
sueño,sueno.png,True
sánguche,sanguche.png,True
tarjeta de credito,tarjeta_de_credito.png,True
teatro,teatro.png,True
terminar,terminar.png,True
tiempo,tiempo.png,True
tirar,tirar.png,True
tortuga,tortuga.png,True
trabajo,trabajo.png,True
tranquilo,tranquilo.png,True
tren,tren.png,True
triste,triste.png,True
universidad,universidad.png,True
vaca,vaca.png,True
veneno,veneno.png,True
verano,verano.png,True
verdad,verdad.png,True
verde,verde.png,True
verdura,verdura.png,True
vida,vida.png,True
viernes,viernes.png,True
yo,yo.png,True
zorro,zorro.png,True
manteca,manteca.png,True
dolor de cabeza,dolor_de_cabeza.png,True
hambriento,hambriento.png,True
graduado,graduado.png,True
pasto,pasto.png,True
enojado,enojado.png,True
bowl,bowl.png,True
tijeras,tijeras.png,True
paraguas,paraguas.png,True
chancho,chancho.png,True
snob,snob.png,True
armario,armario.png,True
puesta de sol,puesta_de_sol.png,True
miedo,miedo.png,True
hamburguesa,hamburguesa.png,True
mariposa,mariposa.png,True
vergonzoso,vergonzoso.png,True
divorcio,divorcio.png,True
conejo,conejo.png,True
caramelo,caramelo.png,True
tarta,tarta.png,True
callado,callado.png,True
enfermera,enfermera.png,True
maravilla,maravilla.png,True
ciego,ciego.png,True
imaginar,imaginar.png,True
granja,granja.png,True
cuchillo,cuchillo.png,True
sombrero,sombrero.png,True
ensalada,ensalada.png,True
deuda,deuda.png,True
muchacho,muchacho.png,True
silla,silla.png,True
maleducado,maleducado.png,True
honesto,honesto.png,True
carta,carta.png,True
error,error.png,True
valiente,valiente.png,True
estrella,estrella.png,True
caballo,caballo.png,True
paciente,paciente.png,True
amigable,amigable.png,True
chocolate,chocolate.png,True
lento,lento.png,True
serio,serio.png,True
gordo,gordo.png,True
tonto,tonto.png,True
solitario,solitario.png,True
viajar,viajar.png,True
ejercitar,ejercitar.png,True
hospital,hospital.png,True
iglesia,iglesia.png,True
accidente,accidente.png,True
medicina,medicina.png,True
hogar,hogar.png,True
desear,desear.png,True
vacacionar,vacacionar.png,True
mundo,mundo.png,True
duro,duro.png,True
azul,azul.png,True
aprender,aprender.png,True
problema,problema.png,True
osada,osada.png,True
amador,amador.png,True
literalmente,literalmente.png,True
claro,claro.png,True
aglutinante,aglutinante.png,True
fagot,fagot.png,True
mi,mi.png,True
dice,dice.png,True
cuyos,cuyos.png,True
necesario,necesario.png,True
creo,creo.png,True
ahora,ahora.png,True
ala,ala.png,True
toleraré,tolerare.png,True
disculparme,disculparme.png,True
estás,estas.png,True
legítimo,legitimo.png,True
izadas,izadas.png,True
dialogue,dialogue.png,True
frustrado,frustrado.png,True
acuerdo,acuerdo.png,True
referencia,referencia.png,True
centinela,centinela.png,True
sobre,sobre.png,True
epitafio,epitafio.png,True
degustaciones,degustaciones.png,True
bagaje,bagaje.png,True
odio,odio.png,True
muestres,muestres.png,True
investigador,investigador.png,True
hecho,hecho.png,True
modos,modos.png,True
efigie,efigie.png,True
hábil,habil.png,True
resto,resto.png,True
primer,primer.png,True
tu,tu.png,True
interferido,interferido.png,True
descenso,descenso.png,True
con,con.png,True
calaña,calana.png,True
todo,todo.png,True
ser,ser.png,True
supuesto,supuesto.png,True
aberración,aberracion.png,True
oírte,oirte.png,True
cementerio,cementerio.png,True
esnifar,esnifar.png,True
témpano,tempano.png,True
gavilán,gavilan.png,True
jeroglíficos,jeroglificos.png,True
prevén,preven.png,True
torne,torne.png,True
regreso,regreso.png,True
anfiteatro,anfiteatro.png,True
victoria,victoria.png,True
administración,administracion.png,True
destacamento,destacamento.png,True
autodesignado,autodesignado.png,True
pueda,pueda.png,True
sólo,solo.png,True
muchachos,muchachos.png,True
posibilidades,posibilidades.png,True
guardafaro,guardafaro.png,True
variopinta,variopinta.png,True
hala,hala.png,True
bien,bien.png,True
irrisorio,irrisorio.png,True
misión,mision.png,True
está,esta.png,True
atoró,atoro.png,True
aquí,aqui.png,True
estrés,estres.png,True
fin,fin.png,True
estreptococo,estreptococo.png,True
áspid,aspid.png,True
serte,serte.png,True
punible,punible.png,True
vulnerable,vulnerable.png,True
perseverante,perseverante.png,True
ayudarme,ayudarme.png,True
piensa,piensa.png,True
calamitosa,calamitosa.png,True
héroe,heroe.png,True
oponer,oponer.png,True
bosquejos,bosquejos.png,True
posible,posible.png,True
análisis,analisis.png,True
mascota,mascota.png,True
residentes,residentes.png,True
atardecer,atardecer.png,True
puedo,puedo.png,True
glotonería,glotoneria.png,True
austeras,austeras.png,True
matanza,matanza.png,True
muévete,muevete.png,True
contrataría,contrataria.png,True
emproda,emproda.png,False
angloca,angloca.png,False
clavisto,clavisto.png,False
hablitar,hablitar.png,False
plaba,plaba.png,False
gradico,gradico.png,False
tranchama,tranchama.png,False
estrucha,estrucha.png,False
cadrama,cadrama.png,False
blantu,blantu.png,False
flortero,flortero.png,False
pecrando,pecrando.png,False
croquida,croquida.png,False
atcrobe,atcrobe.png,False
soltubra,soltubra.png,False
flecano,flecano.png,False
granudallo,granudallo.png,False
improntu,improntu.png,False
aspilotre,aspilotre.png,False
jumidra,jumidra.png,False
espirotre,espirotre.png,False
bronceta,bronceta.png,False
priostro,priostro.png,False
crode,crode.png,False
exquizar,exquizar.png,False
ardical,ardical.png,False
atmicar,atmicar.png,False
izcarda,izcarda.png,False
victar,victar.png,False
obgaller,obgaller.png,False
impastaci,impastaci.png,False
esfatu,esfatu.png,False
arcopte,arcopte.png,False
olguedas,olguedas.png,False
acteros,acteros.png,False
optarrol,optarrol.png,False
misteca,misteca.png,False
paltema,paltema.png,False
rescagui,rescagui.png,False
irteda,irteda.png,False
masticol,masticol.png,False
rizquego,rizquego.png,False
guistado,guistado.png,False
irlan,irlan.png,False
hortear,hortear.png,False
iscogola,iscogola.png,False
galcho,galcho.png,False
camleor,camleor.png,False
quitanu,quitanu.png,False
fuca,fuca.png,False
galoche,galoche.png,False
codima,codima.png,False
nojado,nojado.png,False
buja,buja.png,False
ziyaho,ziyaho.png,False
dabure,dabure.png,False
haguilla,haguilla.png,False
rosuta,rosuta.png,False
guepalo,guepalo.png,False
keseto,keseto.png,False
loguta,loguta.png,False
cife,cife.png,False
chapufo,chapufo.png,False
pikiñorra,pikiñorra.png,False
juzo,juzo.png,False
lluva,lluva.png,False
xiqueza,xiqueza.png,False
yeseña,yeseña.png,False
ñimallena,ñimallena.png,False
vijado,vijado.png,False
seguerro,seguerro.png,False
tometu,tometu.png,False
nulesa,nulesa.png,False
podasi,podasi.png,False
paqueroñe,paqueroñe.png,False
petollu,petollu.png,False
cabotaci,cabotaci.png,False
paloroco,paloroco.png,False
badinoti,badinoti.png,False
rupori,rupori.png,False
bagoto,bagoto.png,False
soliñi,soliñi.png,False
maculozu,maculozu.png,False
sumisoji,sumisoji.png,False
bacelazu,bacelazu.png,False
macerru,macerru.png,False
llupedeci,llupedeci.png,False
peganila,peganila.png,False
nubono,nubono.png,False
gusite,gusite.png,False
deparru,deparru.png,False
polediji,polediji.png,False
terosa,terosa.png,False
sadiñi,sadiñi.png,False
lluseda,lluseda.png,False
nugonida,nugonida.png,False
memirato,memirato.png,False
rucusita,rucusita.png,False
gudeto,gudeto.png,False
reneri,reneri.png,False
poculomo,poculomo.png,False
motali,motali.png,False
cociñi,cociñi.png,False
ruquemo,ruquemo.png,False
segotesa,segotesa.png,False
llulaca,llulaca.png,False
gutilito,gutilito.png,False
zubati,zubati.png,False
suleci,suleci.png,False
cobonañe,cobonañe.png,False
sepitañe,sepitañe.png,False
sumirru,sumirru.png,False
caniso,caniso.png,False
meriñi,meriñi.png,False
patine,patine.png,False
guquemaso,guquemaso.png,False
pegolifu,pegolifu.png,False
suboneda,suboneda.png,False
mopiñe,mopiñe.png,False
rebonizu,rebonizu.png,False
recesina,recesina.png,False
menogaji,menogaji.png,False
fupilora,fupilora.png,False
dimera,dimera.png,False
numaneca,numaneca.png,False
rucenate,rucenate.png,False
fulegaro,fulegaro.png,False
depirari,depirari.png,False
furala,furala.png,False
renarru,renarru.png,False
jimicono,jimicono.png,False
kine,kine.png,False
situ,situ.png,False
sevu,sevu.png,False
yesi,yesi.png,False
dife,dife.png,False
deta,deta.png,False
botu,botu.png,False
lazu,lazu.png,False
lovi,lovi.png,False
zapo,zapo.png,False
atio,atio.png,False
debu,debu.png,False
hiche,hiche.png,False
sopu,sopu.png,False
vasu,vasu.png,False
cogi,cogi.png,False
guesa,guesa.png,False
teño,teño.png,False
gore,gore.png,False
zage,zage.png,False
yasi,yasi.png,False
lillu,lillu.png,False
robi,robi.png,False
ñuque,ñuque.png,False
neña,neña.png,False
nuti,nuti.png,False
gixu,gixu.png,False
lupu,lupu.png,False
levu,levu.png,False
quiño,quiño.png,False
sepe,sepe.png,False
afio,afio.png,False
magi,magi.png,False
naje,naje.png,False
lachi,lachi.png,False
remu,remu.png,False
zifu,zifu.png,False
rapa,rapa.png,False
llepo,llepo.png,False
tipa,tipa.png,False
teko,teko.png,False
ñagui,ñagui.png,False
nape,nape.png,False
chagui,chagui.png,False
yuqui,yuqui.png,False
anti,anti.png,False
ergui,ergui.png,False
arbu,arbu.png,False
ogat,ogat.png,False
eschu,eschu.png,False
olpi,olpi.png,False
azdo,azdo.png,False
ista,ista.png,False
eyno,eyno.png,False
inta,inta.png,False
argo,argo.png,False
olmu,olmu.png,False
erva,erva.png,False
enfu,enfu.png,False
eztu,eztu.png,False
ojsi,ojsi.png,False
ipse,ipse.png,False
ilne,ilne.png,False
onci,onci.png,False
aftu,aftu.png,False
ucta,ucta.png,False
ocne,ocne.png,False
ifso,ifso.png,False
orsi,orsi.png,False
erpi,erpi.png,False
ahbal,ahbal.png,False
ejvi,ejvi.png,False
advo,advo.png,False
ejna,ejna.png,False
olque,olque.png,False
eslin,eslin.png,False
abdu,abdu.png,False
aspu,aspu.png,False
ajde,ajde.png,False
elgo,elgo.png,False
elfi,elfi.png,False
elco,elco.png,False
asto,asto.png,False
ongu,ongu.png,False
añche,añche.png,False
orpu,orpu.png,False
erju,erju.png,False
chisfar,chisfar.png,False
teljei,teljei.png,False
volgay,volgay.png,False
zoster,zoster.png,False
tosfal,tosfal.png,False
seljal,seljal.png,False
vilpen,vilpen.png,False
fesñoz,fesñoz.png,False
chandu,chandu.png,False
cacdol,cacdol.png,False
cexdel,cexdel.png,False
fesgo,fesgo.png,False
gusfei,gusfei.png,False
nompal,nompal.png,False
ñanzu,ñanzu.png,False
nolcaz,nolcaz.png,False
vojtaf,vojtaf.png,False
fernol,fernol.png,False
ñosdil,ñosdil.png,False
feynol,feynol.png,False
vastuy,vastuy.png,False
fastor,fastor.png,False
bercol,bercol.png,False
colbau,colbau.png,False
moldei,moldei.png,False
toypul,toypul.png,False
neustal,neustal.png,False
golgil,golgil.png,False
namchi,namchi.png,False
portiz,portiz.png,False
quisfun,quisfun.png,False
panchol,panchol.png,False
sestas,sestas.png,False
yelcum,yelcum.png,False
fertic,fertic.png,False
bergol,bergol.png,False
derquei,derquei.png,False
mocnaj,mocnaj.png,False
marfoz,marfoz.png,False
fazcum,fazcum.png,False
calbus,calbus.png,False
nordas,nordas.png,False
ñolquiz,ñolquiz.png,False
torscal,torscal.png,False
drigul,drigul.png,False
fertrin,fertrin.png,False
serpral,serpral.png,False
nosflux,nosflux.png,False
malgrus,malgrus.png,False
narclis,narclis.png,False
proclin,proclin.png,False
perprer,perprer.png,False
frontrul,frontrul.png,False
chasbar,chasbar.png,False
blocat,blocat.png,False
margri,margri.png,False
bosbrus,bosbrus.png,False
droñin,droñin.png,False
azplus,azplus.png,False
jarblus,jarblus.png,False
espriz,espriz.png,False
chandraf,chandraf.png,False
dreñuj,dreñuj.png,False
trongus,trongus.png,False
brugol,brugol.png,False
tartre,tartre.png,False
fraflon,fraflon.png,False
madtrez,madtrez.png,False
crioplea,crioplea.png,False
llusclie,llusclie.png,False
dirglu,dirglu.png,False
cancrey,cancrey.png,False
druimoz,druimoz.png,False
derdri,derdri.png,False
vojtris,vojtris.png,False
clucris,clucris.png,False
precli,precli.png,False
dolvros,dolvros.png,False
plancor,plancor.png,False
frasdur,frasdur.png,False
zescrau,zescrau.png,False
cremuy,cremuy.png,False
ninfris,ninfris.png,False
turfras,turfras.png,False
sorfria,sorfria.png,False
glofplaz,glofplaz.png,False
amplascu,amplascu.png,False
sosdormil,sosdormil.png,False
fojtrina,fojtrina.png,False
pencrastrix,pencrastrix.png,False
bercrofaz,bercrofaz.png,False
nerglada,nerglada.png,False
yastripon,yastripon.png,False
janplavor,janplavor.png,False
llolbrasu,llolbrasu.png,False
jornicrad,jornicrad.png,False
presjarty,presjarty.png,False
checlopiz,checlopiz.png,False
ñojplascu,ñojplascu.png,False
brufertal,brufertal.png,False
selplazfi,selplazfi.png,False
sonprefal,sonprefal.png,False
chadrilgor,chadrilgor.png,False
garbrosche,garbrosche.png,False
cfrastilpu,cfrastilpu.png,False
fredinchut,fredinchut.png,False
noscrique,noscrique.png,False
esfruitaf,esfruitaf.png,False
darvlucher,darvlucher.png,False
senclofar,senclofar.png,False
marclafruj,marclafruj.png,False
ñasciyul,ñasciyul.png,False
voygruple,voygruple.png,False
fertriman,fertriman.png,False
norglastrid,norglastrid.png,False
meschusgluo,meschusgluo.png,False
ter,ter.png,False
nay,nay.png,False
lid,lid.png,False
vol,vol.png,False
chaz,chaz.png,False
ned,ned.png,False
dof,dof.png,False
ñol,ñol.png,False
pal,pal.png,False
fia,fia.png,False
quis,quis.png,False
xef,xef.png,False
erul,erul.png,False
dell,dell.png,False
pur,pur.png,False
nes,nes.png,False
roch,roch.png,False
foa,foa.png,False
loz,loz.png,False
taj,taj.png,False
ure,ure.png,False
jell,jell.png,False
veg,veg.png,False
chin,chin.png,False
bod,bod.png,False
nul,nul.png,False
